Line#,Date,"Temperature (SD-TEMP 22460444:22460444-2),°F,Campus Bioassay Lab","RH (MX-RH-2 22460444:22460444-3),%,Campus Bioassay Lab","Light Intensity (MX-AL 22460444:22460444-4),lum/sqf,Campus Bioassay Lab","Dew Point (SD-TEMP 22460444:22460444-6),°F,Campus Bioassay Lab","Temperature (SD-TEMP 22460443:22460443-2),°C,Farm Basement GH,","RH (MX-RH-2 22460443:22460443-3),%,Farm Basement GH,","Light Intensity (MX-AL 22460443:22460443-4),Lux,Farm Basement GH,","Dew Point (SD-TEMP 22460443:22460443-6),°C,Farm Basement GH,"
1,26-08-02 18:19:01 +0000,,,,,26.388,59.54,72,17.897
2,26-08-02 18:24:01 +0000,,,,,26.304,59.61,72,17.837
3,26-08-02 18:29:01 +0000,,,,,26.224,59.64,71,17.77
4,26-08-02 18:34:01 +0000,,,,,26.151,59.63,72,17.7
5,26-08-02 18:39:01 +0000,,,,,26.09,59.86,72,17.705
6,26-08-02 18:44:01 +0000,,,,,26.029,60.01,72,17.685
7,26-08-02 18:49:01 +0000,,,,,25.97,60.21,73,17.683
8,26-08-02 18:54:01 +0000,,,,,25.92,60.32,72,17.665
9,26-08-02 18:59:01 +0000,,,,,25.871,60.43,76,17.649
10,26-08-02 19:04:01 +0000,,,,,25.831,60.52,76,17.636
11,26-08-02 19:09:01 +0000,,,,,25.792,60.77,76,17.662
12,26-08-02 19:14:01 +0000,,,,,25.757,60.85,72,17.652
13,26-08-02 19:19:01 +0000,,,,,25.725,60.94,76,17.644
14,26-08-02 19:24:01 +0000,,,,,25.695,61.01,73,17.634
15,26-08-02 19:29:01 +0000,,,,,25.666,61.21,72,17.658
16,26-08-02 19:34:01 +0000,,,,,25.641,61.32,72,17.664
17,26-08-02 19:39:01 +0000,,,,,25.617,61.59,72,17.713
18,26-08-02 19:44:01 +0000,,,,,25.594,61.62,72,17.698
19,26-08-02 19:49:01 +0000,,,,,25.575,61.53,71,17.656
20,26-08-02 19:54:01 +0000,,,,,25.553,62.01,71,17.759
21,26-08-02 19:59:01 +0000,,,,,25.532,62.25,72,17.802
22,26-08-02 20:04:01 +0000,,,,,25.737,61.6,72,17.827
23,26-08-02 20:09:01 +0000,,,,,26.232,61.12,72,18.168
24,26-08-02 20:14:01 +0000,,,,,26.652,60.37,71,18.367
25,26-08-02 20:19:01 +0000,,,,,26.879,59.54,71,18.357
26,26-08-02 20:24:01 +0000,,,,,26.732,59.33,71,18.164
27,26-08-02 20:29:01 +0000,,,,,26.609,59.16,71,18.003
28,26-08-02 20:34:01 +0000,,,,,26.524,59.32,72,17.967
29,26-08-02 20:39:01 +0000,,,,,26.446,59.44,73,17.925
30,26-08-02 20:44:01 +0000,,,,,26.375,59.51,72,17.877
31,26-08-02 20:49:01 +0000,,,,,26.308,59.59,71,17.836
32,26-08-02 20:54:01 +0000,,,,,26.249,59.59,72,17.781
33,26-08-02 20:59:01 +0000,,,,,26.195,59.76,74,17.777
34,26-08-02 21:04:01 +0000,,,,,26.145,59.82,72,17.745
35,26-08-02 21:09:01 +0000,,,,,26.096,59.92,71,17.726
36,26-08-02 21:14:01 +0000,,,,,26.054,60.03,71,17.715
37,26-08-02 21:19:01 +0000,,,,,26.014,60.15,71,17.708
38,26-08-02 21:24:01 +0000,,,,,25.978,60.22,71,17.693
39,26-08-02 21:29:01 +0000,,,,,25.943,60.38,73,17.703
40,26-08-02 21:34:01 +0000,,,,,25.908,60.47,73,17.694
41,26-08-02 21:39:01 +0000,,,,,25.877,60.56,73,17.689
42,26-08-02 21:44:01 +0000,,,,,25.85,60.63,71,17.682
43,26-08-02 21:49:01 +0000,,,,,25.824,60.67,73,17.668
44,26-08-02 21:54:01 +0000,,,,,25.8,60.82,73,17.682
45,26-08-02 21:59:01 +0000,,,,,25.777,60.91,72,17.685
46,26-08-02 22:04:01 +0000,,,,,25.754,61,72,17.686
47,26-08-02 22:09:01 +0000,,,,,25.733,60.97,72,17.659
48,26-08-02 22:14:01 +0000,,,,,25.714,61.05,72,17.664
49,26-08-02 22:19:01 +0000,,,,,25.695,61.12,71,17.662
50,26-08-02 22:24:01 +0000,,,,,25.678,61.17,73,17.661
51,26-08-02 22:29:01 +0000,,,,,25.661,61.21,72,17.655
52,26-08-02 22:34:01 +0000,,,,,25.646,61.17,72,17.631
53,26-08-02 22:39:01 +0000,,,,,25.632,61.22,72,17.631
54,26-08-02 22:44:01 +0000,,,,,25.619,61.26,72,17.627
55,26-08-02 22:49:01 +0000,,,,,25.603,61.33,72,17.632
56,26-08-02 22:54:01 +0000,,,,,25.591,61.37,72,17.631
57,26-08-02 22:59:01 +0000,,,,,25.579,61.37,71,17.619
58,26-08-02 23:04:01 +0000,,,,,25.569,61.39,71,17.615
59,26-08-02 23:09:01 +0000,,,,,25.769,61.01,71,17.705
60,26-08-02 23:14:01 +0000,,,,,26.278,60.54,71,18.059
61,26-08-02 23:19:01 +0000,,,,,26.735,59.6,71,18.239
62,26-08-02 23:24:01 +0000,,,,,26.866,58.92,70,18.179
63,26-08-02 23:29:01 +0000,,,,,26.728,58.72,71,17.997
64,26-08-02 23:34:01 +0000,,,,,26.614,58.62,71,17.861
65,26-08-02 23:39:01 +0000,,,,,26.528,58.67,70,17.795
66,26-08-02 23:44:01 +0000,,,,,26.459,58.76,70,17.756
67,26-08-02 23:49:01 +0000,,,,,26.394,58.89,70,17.728
68,26-08-02 23:54:01 +0000,,,,,26.334,58.97,71,17.695
69,26-08-02 23:59:01 +0000,,,,,26.273,59.01,70,17.649
70,26-08-03 00:04:01 +0000,,,,,26.223,59.04,70,17.609
71,26-08-03 00:09:01 +0000,,,,,26.171,59.13,70,17.584
72,26-08-03 00:14:01 +0000,,,,,26.127,59.21,70,17.566
73,26-08-03 00:19:01 +0000,,,,,26.081,59.35,70,17.558
74,26-08-03 00:24:01 +0000,,,,,26.042,59.35,70,17.523
75,26-08-03 00:29:01 +0000,,,,,26.005,59.47,70,17.521
76,26-08-03 00:34:01 +0000,,,,,25.968,59.51,70,17.495
77,26-08-03 00:39:01 +0000,,,,,25.94,59.59,69,17.491
78,26-08-03 00:44:01 +0000,,,,,25.908,59.58,69,17.459
79,26-08-03 00:49:01 +0000,,,,,25.879,59.63,69,17.444
80,26-08-03 00:54:01 +0000,,,,,25.85,59.72,69,17.442
81,26-08-03 00:59:01 +0000,,,,,25.822,59.76,69,17.427
82,26-08-03 01:04:01 +0000,,,,,25.795,59.76,69,17.401
83,26-08-03 01:09:01 +0000,,,,,25.768,59.86,69,17.401
84,26-08-03 01:14:01 +0000,,,,,25.742,59.81,69,17.363
85,26-08-03 01:19:01 +0000,,,,,25.719,59.85,69,17.353
86,26-08-03 01:24:01 +0000,,,,,25.695,59.89,69,17.341
87,26-08-03 01:29:01 +0000,,,,,25.807,59.59,69,17.366
88,26-08-03 01:34:01 +0000,,,,,26.276,59.27,69,17.722
89,26-08-03 01:39:01 +0000,,,,,26.733,58.57,69,17.959
90,26-08-03 01:44:01 +0000,,,,,26.935,57.86,69,17.955
91,26-08-03 01:49:01 +0000,,,,,26.802,57.52,69,17.735
92,26-08-03 01:54:01 +0000,,,,,26.687,57.55,69,17.637
93,26-08-03 01:59:01 +0000,,,,,26.592,57.59,69,17.559
94,26-08-03 02:04:01 +0000,,,,,26.516,57.69,69,17.516
95,26-08-03 02:09:01 +0000,,,,,26.441,57.55,69,17.408
96,26-08-03 02:14:01 +0000,,,,,26.377,57.69,69,17.387
97,26-08-03 02:19:01 +0000,,,,,26.308,57.89,69,17.376
98,26-08-03 02:24:01 +0000,,,,,26.247,57.91,69,17.325
99,26-08-03 02:29:01 +0000,,,,,26.186,58.01,69,17.295
100,26-08-03 02:34:01 +0000,,,,,26.131,58.12,69,17.273
101,26-08-03 02:39:01 +0000,,,,,26.078,58.08,69,17.215
102,26-08-03 02:44:01 +0000,,,,,26.031,58.22,69,17.206
103,26-08-03 02:49:01 +0000,,,,,25.982,58.36,69,17.201
104,26-08-03 02:54:01 +0000,,,,,25.938,58.43,69,17.177
105,26-08-03 02:59:01 +0000,,,,,25.895,58.5,69,17.158
106,26-08-03 03:04:01 +0000,,,,,25.856,58.59,69,17.145
107,26-08-03 03:09:01 +0000,,,,,25.815,58.59,69,17.104
108,26-08-03 03:14:01 +0000,,,,,25.775,58.63,69,17.079
109,26-08-03 03:19:01 +0000,,,,,25.736,58.67,69,17.054
110,26-08-03 03:24:01 +0000,,,,,25.698,58.82,69,17.059
111,26-08-03 03:29:01 +0000,,,,,25.663,58.75,69,17.006
112,26-08-03 03:34:01 +0000,,,,,25.873,58.6,69,17.161
113,26-08-03 03:39:01 +0000,,,,,26.287,58.04,69,17.397
114,26-08-03 03:44:01 +0000,,,,,26.712,57.39,69,17.615
115,26-08-03 03:49:01 +0000,,,,,26.888,56.74,69,17.599
116,26-08-03 03:54:01 +0000,,,,,26.727,56.57,69,17.401
117,26-08-03 03:59:01 +0000,,,,,26.6,56.6,69,17.293
118,26-08-03 04:04:01 +0000,,,,,26.501,56.68,69,17.222
119,26-08-03 04:09:01 +0000,,,,,26.409,56.74,69,17.154
120,26-08-03 04:14:01 +0000,,,,,26.33,56.83,69,17.103
121,26-08-03 04:19:01 +0000,,,,,26.258,56.94,69,17.067
122,26-08-03 04:24:01 +0000,,,,,26.189,57.02,69,17.026
123,26-08-03 04:29:01 +0000,,,,,26.122,57.15,69,17
124,26-08-03 04:34:01 +0000,,,,,26.058,57.25,69,16.966
125,26-08-03 04:39:01 +0000,,,,,26,57.33,69,16.936
126,26-08-03 04:44:01 +0000,,,,,25.946,57.44,69,16.914
127,26-08-03 04:49:01 +0000,,,,,25.894,57.59,69,16.907
128,26-08-03 04:54:01 +0000,,,,,25.845,57.53,69,16.845
129,26-08-03 04:59:01 +0000,,,,,25.796,57.69,69,16.843
130,26-08-03 05:04:01 +0000,,,,,25.749,57.87,69,16.849
131,26-08-03 05:09:01 +0000,,,,,25.705,57.99,69,16.841
132,26-08-03 05:14:01 +0000,,,,,25.663,58.07,69,16.822
133,26-08-03 05:19:01 +0000,,,,,25.654,58.06,69,16.811
134,26-08-03 05:24:01 +0000,,,,,25.908,57.58,69,16.918
135,26-08-03 05:29:01 +0000,,,,,26.34,56.88,69,17.129
136,26-08-03 05:34:01 +0000,,,,,26.675,56.18,69,17.243
137,26-08-03 05:39:01 +0000,,,,,26.83,55.45,69,17.18
138,26-08-03 05:44:01 +0000,,,,,26.675,55.42,69,17.029
139,26-08-03 05:49:01 +0000,,,,,26.554,55.43,69,16.919
140,26-08-03 05:54:01 +0000,,,,,26.45,55.54,69,16.853
141,26-08-03 05:59:01 +0000,,,,,26.353,55.6,69,16.78
142,26-08-03 06:04:01 +0000,,,,,26.266,55.72,69,16.732
143,26-08-03 06:09:01 +0000,,,,,26.185,55.83,69,16.69
144,26-08-03 06:14:01 +0000,,,,,26.113,55.96,69,16.658
145,26-08-03 06:19:01 +0000,,,,,26.043,56.1,69,16.632
146,26-08-03 06:24:01 +0000,,,,,25.978,56.07,69,16.562
147,26-08-03 06:29:01 +0000,,,,,25.917,56.24,69,16.555
148,26-08-03 06:34:01 +0000,,,,,25.857,56.39,69,16.543
149,26-08-03 06:39:01 +0000,,,,,25.801,56.52,69,16.526
150,26-08-03 06:44:01 +0000,,,,,25.745,56.65,69,16.508
151,26-08-03 06:49:01 +0000,,,,,25.689,56.78,69,16.492
152,26-08-03 06:54:01 +0000,,,,,25.638,56.93,69,16.488
153,26-08-03 06:59:01 +0000,,,,,25.623,56.94,69,16.475
154,26-08-03 07:04:01 +0000,,,,,25.873,56.58,69,16.608
155,26-08-03 07:09:01 +0000,,,,,26.288,56.03,69,16.842
156,26-08-03 07:14:01 +0000,,,,,26.699,55.16,69,16.978
157,26-08-03 07:19:01 +0000,,,,,26.782,54.59,69,16.889
158,26-08-03 07:24:01 +0000,,,,,26.605,54.52,69,16.704
159,26-08-03 07:29:01 +0000,,,,,26.488,54.61,69,16.624
160,26-08-03 07:34:01 +0000,,,,,26.372,54.7,69,16.542
161,26-08-03 07:39:01 +0000,,,,,26.275,54.83,69,16.489
162,26-08-03 07:44:01 +0000,,,,,26.188,54.9,69,16.426
163,26-08-03 07:49:01 +0000,,,,,26.106,55.06,69,16.396
164,26-08-03 07:54:01 +0000,,,,,26.029,55.18,69,16.359
165,26-08-03 07:59:01 +0000,,,,,25.958,55.29,69,16.324
166,26-08-03 08:04:01 +0000,,,,,25.891,55.41,69,16.296
167,26-08-03 08:09:01 +0000,,,,,25.824,55.59,69,16.286
168,26-08-03 08:14:01 +0000,,,,,25.758,55.75,69,16.27
169,26-08-03 08:19:01 +0000,,,,,25.695,55.84,69,16.235
170,26-08-03 08:24:01 +0000,,,,,25.64,56.07,69,16.248
171,26-08-03 08:29:01 +0000,,,,,25.576,56.16,69,16.215
172,26-08-03 08:34:01 +0000,,,,,25.66,56.07,69,16.269
173,26-08-03 08:39:01 +0000,,,,,26.086,55.59,69,16.529
174,26-08-03 08:44:01 +0000,,,,,26.401,54.93,69,16.635
175,26-08-03 08:49:01 +0000,,,,,26.782,54.19,69,16.774
176,26-08-03 08:54:01 +0000,,,,,26.689,53.82,69,16.58
177,26-08-03 08:59:01 +0000,,,,,26.547,53.82,69,16.448
178,26-08-03 09:04:01 +0000,,,,,26.424,53.9,69,16.356
179,26-08-03 09:09:01 +0000,,,,,26.31,54,69,16.282
180,26-08-03 09:14:01 +0000,,,,,26.218,54.04,69,16.207
181,26-08-03 09:19:01 +0000,,,,,26.122,54.21,69,16.169
182,26-08-03 09:24:01 +0000,,,,,26.043,54.38,69,16.143
183,26-08-03 09:29:01 +0000,,,,,25.967,54.5,69,16.108
184,26-08-03 09:34:01 +0000,,,,,25.895,54.7,69,16.097
185,26-08-03 09:39:01 +0000,,,,,25.824,54.85,69,16.074
186,26-08-03 09:44:01 +0000,,,,,25.754,55.07,69,16.073
187,26-08-03 09:49:01 +0000,,,,,25.692,55.18,69,16.046
188,26-08-03 09:54:01 +0000,,,,,25.629,55.39,69,16.049
189,26-08-03 09:59:01 +0000,,,,,25.567,55.56,69,16.037
190,26-08-03 10:04:01 +0000,,,,,25.728,55.3,69,16.115
191,26-08-03 10:09:01 +0000,,,,,26.153,54.84,69,16.377
192,26-08-03 10:14:01 +0000,,,,,26.528,54.19,69,16.538
193,26-08-03 10:19:01 +0000,,,,,26.747,53.5,69,16.538
194,26-08-03 10:24:01 +0000,,,,,26.632,53.26,69,16.363
195,26-08-03 10:29:01 +0000,,,,,26.488,53.29,69,16.237
196,26-08-03 10:34:01 +0000,,,,,26.363,53.36,69,16.144
197,26-08-03 10:39:01 +0000,,,,,26.256,53.48,69,16.08
198,26-08-03 10:44:01 +0000,,,,,26.157,53.65,69,16.038
199,26-08-03 10:49:01 +0000,,,,,26.066,53.76,69,15.984
200,26-08-03 10:54:01 +0000,,,,,25.988,53.9,69,15.955
201,26-08-03 10:59:01 +0000,,,,,25.909,54.04,69,15.921
202,26-08-03 11:04:01 +0000,,,,,25.835,54.21,69,15.9
203,26-08-03 11:09:01 +0000,,,,,25.76,54.49,69,15.913
204,26-08-03 11:14:01 +0000,,,,,25.687,54.7,69,15.906
205,26-08-03 11:19:01 +0000,,,,,25.622,54.73,69,15.853
206,26-08-03 11:24:01 +0000,,,,,25.582,54.88,70,15.858
207,26-08-03 11:29:01 +0000,,,,,25.804,54.75,70,16.027
208,26-08-03 11:34:01 +0000,,,,,26.229,54.32,69,16.299
209,26-08-03 11:39:01 +0000,,,,,26.542,53.74,70,16.421
210,26-08-03 11:44:01 +0000,,,,,26.761,53.21,70,16.465
211,26-08-03 11:49:01 +0000,,,,,26.58,53.13,70,16.274
212,26-08-03 11:54:01 +0000,,,,,26.447,53.17,70,16.163
213,26-08-03 11:59:01 +0000,,,,,26.325,53.28,71,16.083
214,26-08-03 12:04:01 +0000,,,,,26.218,53.29,71,15.988
215,26-08-03 12:09:01 +0000,,,,,26.121,53.48,71,15.953
216,26-08-03 12:14:01 +0000,,,,,26.034,53.62,71,15.915
217,26-08-03 12:19:01 +0000,,,,,25.952,53.8,71,15.89
218,26-08-03 12:24:01 +0000,,,,,25.88,53.98,71,15.876
219,26-08-03 12:29:01 +0000,,,,,25.807,54.15,70,15.859
220,26-08-03 12:34:01 +0000,,,,,25.736,54.34,71,15.847
221,26-08-03 12:39:01 +0000,,,,,25.67,54.55,71,15.847
222,26-08-03 12:44:01 +0000,,,,,25.605,54.74,71,15.839
223,26-08-03 12:49:01 +0000,,,,,25.771,54.83,71,16.021
224,26-08-03 12:54:01 +0000,,,,,26.128,54.59,71,16.283
225,26-08-03 12:59:01 +0000,,,,,26.476,54.17,71,16.486
226,26-08-03 13:04:01 +0000,,,,,26.721,53.69,71,16.571
227,26-08-03 13:09:01 +0000,,,,,26.583,53.53,72,16.397
228,26-08-03 13:14:01 +0000,,,,,26.429,53.55,71,16.26
229,26-08-03 13:19:01 +0000,,,,,26.317,53.6,71,16.17
230,26-08-03 13:24:01 +0000,,,,,26.211,53.75,71,16.115
231,26-08-03 13:29:01 +0000,,,,,26.119,53.89,72,16.072
232,26-08-03 13:34:01 +0000,,,,,26.035,54.04,72,16.037
233,26-08-03 13:39:01 +0000,,,,,25.958,54.18,71,16.006
234,26-08-03 13:44:01 +0000,,,,,25.888,54.33,73,15.985
235,26-08-03 13:49:01 +0000,,,,,25.818,54.53,73,15.978
236,26-08-03 13:54:01 +0000,,,,,25.752,54.73,72,15.974
237,26-08-03 13:59:01 +0000,,,,,25.693,54.91,73,15.969
238,26-08-03 14:04:01 +0000,,,,,25.632,55.08,73,15.963
239,26-08-03 14:09:01 +0000,,,,,25.582,55.21,73,15.953
240,26-08-03 14:14:01 +0000,,,,,25.534,55.42,73,15.966
241,26-08-03 14:19:01 +0000,,,,,25.725,55.72,73,16.229
242,26-08-03 14:24:01 +0000,,,,,26.092,55.48,73,16.503
243,26-08-03 14:29:01 +0000,,,,,26.488,55,73,16.734
244,26-08-03 14:34:01 +0000,,,,,26.698,54.63,73,16.823
245,26-08-03 14:39:01 +0000,,,,,26.577,54.32,73,16.62
246,26-08-03 14:44:01 +0000,,,,,26.449,54.36,73,16.514
247,26-08-03 14:49:01 +0000,,,,,26.333,54.41,73,16.42
248,26-08-03 14:54:01 +0000,,,,,26.249,54.49,74,16.367
249,26-08-03 14:59:01 +0000,,,,,26.16,54.64,75,16.326
250,26-08-03 15:04:01 +0000,,,,,26.084,54.62,75,16.25
251,26-08-03 15:09:01 +0000,,,,,26.016,54.63,72,16.189
252,26-08-03 15:14:01 +0000,,,,,25.95,54.82,75,16.185
253,26-08-03 15:19:01 +0000,,,,,25.894,55.02,75,16.187
254,26-08-03 15:24:01 +0000,,,,,25.844,55.14,71,16.175
255,26-08-03 15:29:01 +0000,,,,,25.792,55.2,150,16.145
256,26-08-03 15:34:01 +0000,,,,,25.686,55.59,147,16.157
257,26-08-03 15:39:01 +0000,,,,,25.626,55.5,148,16.076
258,26-08-03 15:44:01 +0000,,,,,25.562,55.85,154,16.115
259,26-08-03 15:49:01 +0000,,,,,25.532,55.22,157,15.91
260,26-08-03 15:54:01 +0000,,,,,25.496,55.17,153,15.861
261,26-08-03 15:59:01 +0000,,,,,25.669,55.52,158,16.12
262,26-08-03 16:04:01 +0000,,,,,26.023,55.3,151,16.388
263,26-08-03 16:09:01 +0000,,,,,26.304,55.04,141,16.575
